{"cameraMode":{"drawMode":0,"name":"Shaded","section":"Shading Mode"},"sceneLighting":true,"audioPlay":false,"sceneViewState":{"m_AlwaysRefresh":false,"showFog":true,"showSkybox":true,"showFlares":true,"showImageEffects":true,"showParticleSystems":true,"showVisualEffectGraphs":true,"m_FxEnabled":true},"in2DMode":false,"pivot":{"x":-5.377079010009766,"y":1.349470615386963,"z":27.185083389282228},"rotation":{"x":0.006032249424606562,"y":0.9936546087265015,"z":-0.09238854050636292,"w":0.06512091308832169},"size":0.5715226531028748,"orthographic":false}