{"cameraMode":{"drawMode":0,"name":"Shaded","section":"Shading Mode"},"sceneLighting":false,"audioPlay":false,"sceneViewState":{"m_AlwaysRefresh":false,"showFog":true,"showSkybox":false,"showFlares":true,"showImageEffects":true,"showParticleSystems":true,"showVisualEffectGraphs":true,"m_FxEnabled":true},"in2DMode":false,"pivot":{"x":-0.30557703971862795,"y":-1.1799999475479127,"z":0.1631336212158203},"rotation":{"x":0.2077164649963379,"y":0.6241604089736939,"z":-0.17688551545143128,"w":0.7322104573249817},"size":1.032751441001892,"orthographic":false}